title,year,doi,source,article_key
Characterization of the First OXA-10 Natural Variant with Increased Carbapenemase Activity,2018,10.1128/AAC.01817-18,PubMed,10.1128/aac.01817-18
A Genome-Wide Knockout Screen in Human Macrophages Identified Host Factors Modulating Salmonella Infection,2019,10.1128/mBio.02169-19,PubMed,10.1128/mbio.02169-19
Aggressive or moderate drug therapy for infectious diseases? Trade-offs between different treatment goals at the individual and population levels,2019,10.1371/journal.pcbi.1007223,PubMed,10.1371/journal.pcbi.1007223
Aloe-emodin Attenuates Staphylococcus aureus Pathogenicity by Interfering With the Oligomerization of α-Toxin,2019,10.3389/fcimb.2019.00157,PubMed,10.3389/fcimb.2019.00157
An evolving tale of two interacting RNAs-themes and variations of the T-box riboswitch mechanism,2019,10.1002/iub.2098,PubMed,10.1002/iub.2098
Antibiotic chemotherapy against heterogeneous pathogen populations in complex host tissues,2019,10.12688/f1000research.19441.1,PubMed,10.12688/f1000research.19441.1
Antibiotic collateral sensitivity is contingent on the repeatability of evolution,2019,10.1038/s41467-018-08098-6,PubMed,10.1038/s41467-018-08098-6
Antibiotic resistance prediction for Mycobacterium tuberculosis from genome sequence data with Mykrobe,2019,10.12688/wellcomeopenres.15603.1,PubMed,10.12688/wellcomeopenres.15603.1
"Azalomycin F(5a), a polyhydroxy macrolide binding to the polar head of phospholipid and targeting to lipoteichoic acid to kill methicillin-resistant Staphylococcus aureus",2019,10.1016/j.biopha.2018.11.067,PubMed,10.1016/j.biopha.2018.11.067
Calcium Channel Subunit α2δ4 Is Regulated by Early Growth Response 1 and Facilitates Epileptogenesis,2019,10.1523/JNEUROSCI.1731-18.2019,PubMed,10.1523/jneurosci.1731-18.2019
Cell-state dynamics and therapeutic resistance in melanoma from the perspective of MITF and IFNγ pathways,2019,10.1038/s41571-019-0204-6,PubMed,10.1038/s41571-019-0204-6
"Characterization of a relaxase belonging to the MOB(T) family, a widespread family in Firmicutes mediating the transfer of ICEs",2019,10.1186/s13100-019-0160-9,PubMed,10.1186/s13100-019-0160-9
"Characterization of drug resistance and genetic diversity of Plasmodium falciparum parasites from Tripura, Northeast India",2019,10.1038/s41598-019-50152-w,PubMed,10.1038/s41598-019-50152-w
Compartmentalization of a Multidrug-Resistant Cytomegalovirus UL54 Mutant in a Stem Cell Transplant Recipient with Encephalitis,2019,10.1093/infdis/jiz298,PubMed,10.1093/infdis/jiz298
Decreased OLA1 (Obg-Like ATPase-1) Expression Drives Ubiquitin-Proteasome Pathways to Downregulate Mitochondrial SOD2 (Superoxide Dismutase) in Persistent Pulmonary Hypertension of the Newborn,2019,10.1161/HYPERTENSIONAHA.119.13430,PubMed,10.1161/hypertensionaha.119.13430
Dissecting a novel allosteric mechanism of cruzain: A computer-aided approach,2019,10.1371/journal.pone.0211227,PubMed,10.1371/journal.pone.0211227
Dissecting peak broadening in chromatography columns under non-binding conditions,2019,10.1016/j.chroma.2019.03.065,PubMed,10.1016/j.chroma.2019.03.065
Drug resistance from preferred antiretroviral regimens for HIV infection in South Africa: A modeling study,2019,10.1371/journal.pone.0218649,PubMed,10.1371/journal.pone.0218649
Effect of fluoroquinolone resistance mutation Thr-82→Ile on Clostridioides difficile fitness,2019,10.1093/jac/dky535,PubMed,10.1093/jac/dky535
Efficiency of protein synthesis inhibition depends on tRNA and codon compositions,2019,10.1371/journal.pcbi.1006979,PubMed,10.1371/journal.pcbi.1006979
Evolution and transmission of a conjugative plasmid encoding both ciprofloxacin and ceftriaxone resistance in Salmonella,2019,10.1080/22221751.2019.1585965,PubMed,10.1080/22221751.2019.1585965
Evolution of resistance mechanisms and biological characteristics of rifampicin-resistant Staphylococcus aureus strains selected in vitro,2019,10.1186/s12866-019-1573-9,PubMed,10.1186/s12866-019-1573-9
Evolutionary Model of Cluster Divergence of the Emergent Marine Pathogen Vibrio vulnificus: From Genotype to Ecotype,2019,10.1128/mBio.02852-18,PubMed,10.1128/mbio.02852-18
"Exosomes as a Surrogate Marker for Autophagy in Peripheral Blood, Correlative Data from Phase I Study of Chloroquine in Combination with Carboplatin/Gemcitabine in Advanced Solid Tumors",2019,10.31557/APJCP.2019.20.12.3789,PubMed,10.31557/apjcp.2019.20.12.3789
Flavopereirine-An Alkaloid Derived from Geissospermum vellosii-Presents Leishmanicidal Activity In Vitro,2019,10.3390/molecules24040785,PubMed,10.3390/molecules24040785
Genome-Wide Screening for Enteric Colonization Factors in Carbapenem-Resistant ST258 Klebsiella pneumoniae,2019,10.1128/mBio.02663-18,PubMed,10.1128/mbio.02663-18
Genomic and Functional Analysis of Emerging Virulent and Multidrug-Resistant Escherichia coli Lineage Sequence Type 648,2019,10.1128/AAC.00243-19,PubMed,10.1128/aac.00243-19
HIV-1 and Compromised Adult Neurogenesis: Emerging Evidence for a New Paradigm of HAND Persistence,2019,10.24875/AIDSRev.19000003,PubMed,10.24875/aidsrev.19000003
Hydrogen peroxide release by bacteria suppresses inflammasome-dependent innate immunity,2019,10.1038/s41467-019-11169-x,PubMed,10.1038/s41467-019-11169-x
Identification of The Fipronil Resistance Associated Mutations in Nilaparvata lugens GABA Receptors by Molecular Modeling,2019,10.3390/molecules24224116,PubMed,10.3390/molecules24224116
Inhibition of mTOR Signaling and Clinical Activity of Rapamycin in Head and Neck Cancer in a Window of Opportunity Trial,2019,10.1158/1078-0432.CCR-18-2024,PubMed,10.1158/1078-0432.ccr-18-2024
"Interplay of Darwinian Selection, Lamarckian Induction and Microvesicle Transfer on Drug Resistance in Cancer",2019,10.1038/s41598-019-45863-z,PubMed,10.1038/s41598-019-45863-z
Lineage tracing of acute myeloid leukemia reveals the impact of hypomethylating agents on chemoresistance selection,2019,10.1038/s41467-019-12983-z,PubMed,10.1038/s41467-019-12983-z
Measles Virus Bearing Measles Inclusion Body Encephalitis-Derived Fusion Protein Is Pathogenic after Infection via the Respiratory Route,2019,10.1128/JVI.01862-18,PubMed,10.1128/jvi.01862-18
Metabolic Responses to Polymyxin Treatment in Acinetobacter baumannii ATCC 19606: Integrating Transcriptomics and Metabolomics with Genome-Scale Metabolic Modeling,2019,10.1128/mSystems.00157-18,PubMed,10.1128/msystems.00157-18
"Microbial phenotypic heterogeneity in response to a metabolic toxin: Continuous, dynamically shifting distribution of formaldehyde tolerance in Methylobacterium extorquens populations",2019,10.1371/journal.pgen.1008458,PubMed,10.1371/journal.pgen.1008458
Molecular Determinants of Epistasis in HIV-1 Protease: Elucidating the Interdependence of L89V and L90M Mutations in Resistance,2019,10.1021/acs.biochem.9b00446,PubMed,10.1021/acs.biochem.9b00446
Multidrug Resistance in Neisseria gonorrhoeae: Identification of Functionally Important Residues in the MtrD Efflux Protein,2019,10.1128/mBio.02277-19,PubMed,10.1128/mbio.02277-19
Mutation rate variability as a driving force in adaptive evolution,2019,10.1103/PhysRevE.99.022424,PubMed,10.1103/physreve.99.022424
MxB Restricts HIV-1 by Targeting the Tri-hexamer Interface of the Viral Capsid,2019,10.1016/j.str.2019.04.015,PubMed,10.1016/j.str.2019.04.015
Novel antibiotics effective against gram-positive and -negative multi-resistant bacteria with limited resistance,2019,10.1371/journal.pbio.3000337,PubMed,10.1371/journal.pbio.3000337
NS5 from Dengue Virus Serotype 2 Can Adopt a Conformation Analogous to That of Its Zika Virus and Japanese Encephalitis Virus Homologues,2019,10.1128/JVI.01294-19,PubMed,10.1128/jvi.01294-19
"Pharmacological, Toxicological, and Dose Range Assessment of OG716, a Novel Lantibiotic for the Treatment of Clostridium difficile-Associated Infection",2019,10.1128/AAC.01904-18,PubMed,10.1128/aac.01904-18
"Population genomic and evolutionary modelling analyses reveal a single major QTL for ivermectin drug resistance in the pathogenic nematode, Haemonchus contortus",2019,10.1186/s12864-019-5592-6,PubMed,10.1186/s12864-019-5592-6
Potent antiviral HIV-1 protease inhibitor combats highly drug resistant mutant PR20,2019,10.1016/j.bbrc.2019.08.126,PubMed,10.1016/j.bbrc.2019.08.126
Predicting the Impact of Typhoid Conjugate Vaccines on Antimicrobial Resistance,2019,10.1093/cid/ciy1108,PubMed,10.1093/cid/ciy1108
Prediction of ALK mutations mediating ALK-TKIs resistance and drug re-purposing to overcome the resistance,2019,10.1016/j.ebiom.2019.01.019,PubMed,10.1016/j.ebiom.2019.01.019
Prediction of HIV integrase resistance mutation using in silico approaches,2019,10.1016/j.meegid.2018.11.014,PubMed,10.1016/j.meegid.2018.11.014
Prevalence and determinants of resistance mutations in HIV-1-infected patients exposed to integrase inhibitors in a large Italian cohort,2019,10.1111/hiv.12692,PubMed,10.1111/hiv.12692
Proteomics and microscopy tools for the study of antimicrobial resistance and germination mechanisms of bacterial spores,2019,10.1016/j.fm.2018.03.006,PubMed,10.1016/j.fm.2018.03.006
Rapid Evolution of Reduced Susceptibility against a Balanced Dual-Targeting Antibiotic through Stepping-Stone Mutations,2019,10.1128/AAC.00207-19,PubMed,10.1128/aac.00207-19
Role of network-mediated stochasticity in mammalian drug resistance,2019,10.1038/s41467-019-10330-w,PubMed,10.1038/s41467-019-10330-w
Salmonella Membrane Structural Remodeling Increases Resistance to Antimicrobial Peptide LL-37,2019,10.1021/acsinfecdis.9b00066,PubMed,10.1021/acsinfecdis.9b00066
Sex differences in IL-17 contribute to chronicity in male versus female urinary tract infection,2019,10.1172/jci.insight.122998,PubMed,10.1172/jci.insight.122998
Simulating Multilevel Dynamics of Antimicrobial Resistance in a Membrane Computing Model,2019,10.1128/mBio.02460-18,PubMed,10.1128/mbio.02460-18
smFRET Probing Reveals Substrate-Dependent Conformational Dynamics of E. coli Multidrug MdfA,2019,10.1016/j.bpj.2019.04.034,PubMed,10.1016/j.bpj.2019.04.034
Sodium nitrite potentiates antimicrobial photodynamic inactivation: possible involvement of peroxynitrate,2019,10.1039/c8pp00452h,PubMed,10.1039/c8pp00452h
Stable integration of the Mrx1-roGFP2 biosensor to monitor dynamic changes of the mycothiol redox potential in Corynebacterium glutamicum,2019,10.1016/j.redox.2018.11.012,PubMed,10.1016/j.redox.2018.11.012
"Structural and binding insights into HIV-1 protease and P2-ligand interactions through molecular dynamics simulations, binding free energy and principal component analysis",2019,10.1016/j.jmgm.2019.07.008,PubMed,10.1016/j.jmgm.2019.07.008
Structures of the wild-type MexAB-OprM tripartite pump reveal its complex formation and drug efflux mechanism,2019,10.1038/s41467-019-09463-9,PubMed,10.1038/s41467-019-09463-9
Sublethal antibiotics collapse gut bacterial populations by enhancing aggregation and expulsion,2019,10.1073/pnas.1907567116,PubMed,10.1073/pnas.1907567116
T cells promote microglia-mediated synaptic elimination and cognitive dysfunction during recovery from neuropathogenic flaviviruses,2019,10.1038/s41593-019-0427-y,PubMed,10.1038/s41593-019-0427-y
THE GORDON WILSON LECTURE: THE HEPATITIS C VIRUS: FROM HIPPOCRATES TO CURE,2019,,PubMed,the gordon wilson lecture the hepatitis c virus from hippocrates to cure_2019
The L46P mutant confers a novel allosteric mechanism of resistance toward the influenza A virus M2 S31N proton channel blockers,2019,10.1124/mol.119.116640,PubMed,10.1124/mol.119.116640
The Novel Serine/Threonine Protein Kinase LmjF.22.0810 from Leishmania major may be Involved in the Resistance to Drugs such as Paromomycin,2019,10.3390/biom9110723,PubMed,10.3390/biom9110723
The subunit assembly state of the Mediator complex is nutrient-regulated and is dysregulated in a genetic model of insulin resistance and obesity,2019,10.1074/jbc.RA119.007850,PubMed,10.1074/jbc.ra119.007850
Transcriptome Analysis Identifies Immune Markers Related to Visceral Leishmaniasis Establishment in the Experimental Model of BALB/c Mice,2019,10.3389/fimmu.2019.02749,PubMed,10.3389/fimmu.2019.02749
Uncovering critical properties of the human respiratory syncytial virus by combining in vitro assays and in silico analyses,2019,10.1371/journal.pone.0214708,PubMed,10.1371/journal.pone.0214708
Unraveling the seasonal epidemiology of pneumococcus,2019,10.1073/pnas.1812388116,PubMed,10.1073/pnas.1812388116
"1,2,4-Triazolo[1,5-a]pyrimidines as a Novel Class of Inhibitors of the HIV-1 Reverse Transcriptase-Associated Ribonuclease H Activity",2020,10.3390/molecules25051183,PubMed,10.3390/molecules25051183
"A mathematic model to reveal delicate cross-regulation between MAVS/STING, inflammasome and MyD88-dependent type I interferon signalling",2020,10.1111/jcmm.15768,PubMed,10.1111/jcmm.15768
An adjunctive therapy administered with an antibiotic prevents enrichment of antibiotic-resistant clones of a colonizing opportunistic pathogen,2020,10.7554/eLife.58147,PubMed,10.7554/elife.58147
An analog to digital converter controls bistable transfer competence development of a widespread bacterial integrative and conjugative element,2020,10.7554/eLife.57915,PubMed,10.7554/elife.57915
An insight into molecular interaction of PGIP with PG for banana cultivar,2020,10.2741/4809,PubMed,10.2741/4809
Antimicrobial peptide selection from Lippia spp leaf transcriptomes,2020,10.1016/j.peptides.2020.170317,PubMed,10.1016/j.peptides.2020.170317
Avoiding Drug Resistance by Substrate Envelope-Guided Design: Toward Potent and Robust HCV NS3/4A Protease Inhibitors,2020,10.1128/mBio.00172-20,PubMed,10.1128/mbio.00172-20
Biophysical characterization of the insertion of two potent antimicrobial peptides-Pin2 and its variant Pin2[GVG] in biological model membranes,2020,10.1016/j.bbamem.2019.183105,PubMed,10.1016/j.bbamem.2019.183105
CaHsfA1d Improves Plant Thermotolerance via Regulating the Expression of Stress- and Antioxidant-Related Genes,2020,10.3390/ijms21218374,PubMed,10.3390/ijms21218374
Cancer immunotherapy via targeted TGF-β signalling blockade in T(H) cells,2020,10.1038/s41586-020-2850-3,PubMed,10.1038/s41586-020-2850-3
Cell division protein FtsZ: from structure and mechanism to antibiotic target,2020,10.2217/fmb-2019-0348,PubMed,10.2217/fmb-2019-0348
Clinical relevance and plasmid dynamics of mcr-1-positive Escherichia coli in China: a multicentre case-control and molecular epidemiological study,2020,10.1016/S2666-5247(20)30001-X,PubMed,10.1016/s2666-5247(20)30001-x
Computational and Experimental Investigation of Biofilm Disruption Dynamics Induced by High-Velocity Gas Jet Impingement,2020,10.1128/mBio.02813-19,PubMed,10.1128/mbio.02813-19
"COVID-19 Coronavirus spike protein analysis for synthetic vaccines, a peptidomimetic antagonist, and therapeutic drugs, and analysis of a proposed achilles' heel conserved region to minimize probability of escape mutations and drug resistance",2020,10.1016/j.compbiomed.2020.103749,PubMed,10.1016/j.compbiomed.2020.103749
"COVID-19 Disease Map, building a computational repository of SARS-CoV-2 virus-host interaction mechanisms",2020,10.1038/s41597-020-0477-8,PubMed,10.1038/s41597-020-0477-8
CryoEM structure of the type IVa pilus secretin required for natural competence in Vibrio cholerae,2020,10.1038/s41467-020-18866-y,PubMed,10.1038/s41467-020-18866-y
Deficient autophagy in epithelial stem cells drives aging in the freshwater cnidarian Hydra,2020,10.1242/dev.177840,PubMed,10.1242/dev.177840
Designing ecologically optimized pneumococcal vaccines using population genomics,2020,10.1038/s41564-019-0651-y,PubMed,10.1038/s41564-019-0651-y
DHA Affects Microtubule Dynamics Through Reduction of Phospho-TCTP Levels and Enhances the Antiproliferative Effect of T-DM1 in Trastuzumab-Resistant HER2-Positive Breast Cancer Cell Lines,2020,10.3390/cells9051260,PubMed,10.3390/cells9051260
Fc-mediated effector function contributes to the in vivo antiviral effect of an HIV neutralizing antibody,2020,10.1073/pnas.2008236117,PubMed,10.1073/pnas.2008236117
Fusidic acid resistance through changes in the dynamics of the drug target,2020,10.1073/pnas.2008577117,PubMed,10.1073/pnas.2008577117
Genetic transmission networks of HIV-1 CRF07_BC strain among HIV-1 infections with virologic failure of ART in a minority area of China: a population-based study,2020,10.1186/s12879-020-05347-2,PubMed,10.1186/s12879-020-05347-2
Guanylate-Binding Protein 1: An Emerging Target in Inflammation and Cancer,2020,10.3389/fimmu.2019.03139,PubMed,10.3389/fimmu.2019.03139
"High Prevalence of HIV-1 Drug Resistance and Dynamics of Transmission Among High-Risk Populations in Port-au-Prince, Haiti",2020,10.1097/QAI.0000000000002475,PubMed,10.1097/qai.0000000000002475
Highly drug-resistant HIV-1 protease reveals decreased intra-subunit interactions due to clusters of mutations,2020,10.1111/febs.15207,PubMed,10.1111/febs.15207
Histone deacetylase 9 promoter hypomethylation associated with adipocyte dysfunction is a statin-related metabolic effect,2020,10.1186/s13148-020-00858-w,PubMed,10.1186/s13148-020-00858-w
In pursuit of the triple crown: mechanism-based pharmacodynamic modelling for the optimization of three-drug combinations against KPC-producing Klebsiella pneumoniae,2020,10.1016/j.cmi.2020.04.034,PubMed,10.1016/j.cmi.2020.04.034
Influenza A M2 Inhibitor Binding Understood through Mechanisms of Excess Proton Stabilization and Channel Dynamics,2020,10.1021/jacs.0c06419,PubMed,10.1021/jacs.0c06419
Kinetic and structural characterisation of the ubiquinol-binding site and oxygen reduction by the trypanosomal alternative oxidase,2020,10.1016/j.bbabio.2020.148247,PubMed,10.1016/j.bbabio.2020.148247
Kinetic Fingerprinting Links Bacteria-Phage Interactions with Emergent Dynamics: Rapid Depletion of Klebsiella pneumoniae Indicates Phage Synergy,2020,10.3390/antibiotics9070408,PubMed,10.3390/antibiotics9070408
LetB Structure Reveals a Tunnel for Lipid Transport across the Bacterial Envelope,2020,10.1016/j.cell.2020.03.030,PubMed,10.1016/j.cell.2020.03.030
Mechanism of polyamine induced colistin resistance through electrostatic networks on bacterial outer membranes,2020,10.1016/j.bbamem.2020.183297,PubMed,10.1016/j.bbamem.2020.183297
Mechanistic Modeling of Mycobacterium tuberculosis Infection in Murine Models for Drug and Vaccine Efficacy Studies,2020,10.1128/AAC.01727-19,PubMed,10.1128/aac.01727-19
Microbe Profile: Pseudomonas aeruginosa: opportunistic pathogen and lab rat,2020,10.1099/mic.0.000860,PubMed,10.1099/mic.0.000860
Molecular dynamic simulations to investigate the structural impact of known drug resistance mutations on HIV-1C Integrase-Dolutegravir binding,2020,10.1371/journal.pone.0223464,PubMed,10.1371/journal.pone.0223464
"Mucoidy, a general mechanism for maintaining lytic phage in populations of bacteria",2020,10.1093/femsec/fiaa162,PubMed,10.1093/femsec/fiaa162
Nanoengineered Disruption of Heat Shock Protein 90 Targets Drug-Induced Resistance and Relieves Natural Killer Cell Suppression in Breast Cancer,2020,10.1158/0008-5472.CAN-19-4036,PubMed,10.1158/0008-5472.can-19-4036
Nevirapine Biotransformation Insights: An Integrated In Vitro Approach Unveils the Biocompetence and Glutathiolomic Profile of a Human Hepatocyte-Like Cell 3D Model,2020,10.3390/ijms21113998,PubMed,10.3390/ijms21113998
Oxidation resistance 1 prevents genome instability through maintenance of G2/M arrest in gamma-ray-irradiated cells,2020,10.1093/jrr/rrz080,PubMed,10.1093/jrr/rrz080
"Persistent lentivirus infection induces early myeloid suppressor cells expansion to subvert protective memory CD8 T cell response(✰,✰✰)",2020,10.1016/j.ebiom.2020.103008,PubMed,10.1016/j.ebiom.2020.103008
"Pf Bacteriophage and Their Impact on Pseudomonas Virulence, Mammalian Immunity, and Chronic Infections",2020,10.3389/fimmu.2020.00244,PubMed,10.3389/fimmu.2020.00244
Positively selected modifications in the pore of TbAQP2 allow pentamidine to enter Trypanosoma brucei,2020,10.7554/eLife.56416,PubMed,10.7554/elife.56416
Pyramid-Shaped PEG-PCL-PEG Polymeric-Based Model Systems for Site-Specific Drug Delivery of Vancomycin with Enhance Antibacterial Efficacy,2020,10.1021/acsomega.9b04064,PubMed,10.1021/acsomega.9b04064
Quorum sensing for population-level control of bacteria and potential therapeutic applications,2020,10.1007/s00018-019-03326-8,PubMed,10.1007/s00018-019-03326-8
Rank orders and signed interactions in evolutionary biology,2020,10.7554/eLife.51004,PubMed,10.7554/elife.51004
Response guided therapy for reducing duration of direct acting antivirals in chronic hepatitis C infected patients: a Pilot study,2020,10.1038/s41598-020-74568-x,PubMed,10.1038/s41598-020-74568-x
"Rifampicin resistance patterns and dynamics of tuberculosis and drug-resistant tuberculosis in Enugu, South Eastern Nigeria",2020,10.3855/jidc.12736,PubMed,10.3855/jidc.12736
Role of Arginine 214 in the Substrate Specificity of OXA-48,2020,10.1128/AAC.02329-19,PubMed,10.1128/aac.02329-19
Role of Pseudomonas aeruginosa Glutathione Biosynthesis in Lung and Soft Tissue Infection,2020,10.1128/IAI.00116-20,PubMed,10.1128/iai.00116-20
SBML Level 3: an extensible format for the exchange and reuse of biological models,2020,10.15252/msb.20199110,PubMed,10.15252/msb.20199110
Selection of viral variants during persistent infection of insectivorous bat cells with Middle East respiratory syndrome coronavirus,2020,10.1038/s41598-020-64264-1,PubMed,10.1038/s41598-020-64264-1
Slightly beneficial genes are retained by bacteria evolving DNA uptake despite selfish elements,2020,10.7554/eLife.56801,PubMed,10.7554/elife.56801
Substrate Interaction with the EssC Coupling Protein of the Type VIIb Secretion System,2020,10.1128/JB.00646-19,PubMed,10.1128/jb.00646-19
Synergistic Potential of Antimicrobial Combinations Against Methicillin-Resistant Staphylococcus aureus,2020,10.3389/fmicb.2020.01919,PubMed,10.3389/fmicb.2020.01919
Target and suspect screening analysis reveals persistent emerging organic contaminants in soils and sediments,2020,10.1016/j.scitotenv.2020.140181,PubMed,10.1016/j.scitotenv.2020.140181
The potential deployment of a pan-tuberculosis drug regimen in India: A modelling analysis,2020,10.1371/journal.pone.0230808,PubMed,10.1371/journal.pone.0230808
The Role of Silver Nanoparticles in a Treatment Approach for Multidrug-Resistant Salmonella Species Isolates,2020,10.2147/IJN.S270204,PubMed,10.2147/ijn.s270204
Translational dynamics of alcohol tolerance of preclinical models and human laboratory studies,2020,10.1037/pha0000366,PubMed,10.1037/pha0000366
Understanding the Pyrimethamine Drug Resistance Mechanism via Combined Molecular Dynamics and Dynamic Residue Network Analysis,2020,10.3390/molecules25040904,PubMed,10.3390/molecules25040904
Vaccine strategies to reduce the burden of pneumococcal disease in HIV-infected adults in Africa,2020,10.1080/14760584.2020.1843435,PubMed,10.1080/14760584.2020.1843435
Virtual Screening Identifies Chebulagic Acid as an Inhibitor of the M2(S31N) Viral Ion Channel and Influenza A Virus,2020,10.3390/molecules25122903,PubMed,10.3390/molecules25122903
"A 4 year observation of gastrointestinal nematode egg counts, nemabiomes and the benzimidazole resistance genotypes of Teladorsagia circumcincta on a Scottish sheep farm",2021,10.1016/j.ijpara.2020.10.007,PubMed,10.1016/j.ijpara.2020.10.007
A bacteriocin-based treatment option for Staphylococcus haemolyticus biofilms,2021,10.1038/s41598-021-93158-z,PubMed,10.1038/s41598-021-93158-z
A Molecular Modeling Approach to Identify Potential Antileishmanial Compounds Against the Cell Division Cycle (cdc)-2-Related Kinase 12 (CRK12) Receptor of Leishmania donovani,2021,10.3390/biom11030458,PubMed,10.3390/biom11030458
A novel bivalent chromatin associates with rapid induction of camalexin biosynthesis genes in response to a pathogen signal in Arabidopsis,2021,10.7554/eLife.69508,PubMed,10.7554/elife.69508
"A Type VI Secretion System Facilitates Fitness, Homeostasis, and Competitive Advantages for Environmental Adaptability and Efficient Nicotine Biodegradation",2021,10.1128/AEM.03113-20,PubMed,10.1128/aem.03113-20
Antimicrobial resistance in paediatric Streptococcus pneumoniae isolates amid global implementation of pneumococcal conjugate vaccines: a systematic review and meta-regression analysis,2021,10.1016/S2666-5247(21)00064-1,PubMed,10.1016/s2666-5247(21)00064-1
Antisense peptide nucleic acid inhibits the growth of KPC-producing Klebsiella pneumoniae strain,2021,10.1016/j.resmic.2021.103837,PubMed,10.1016/j.resmic.2021.103837
Arginine Modulates Carbapenem Deactivation by OXA-24/40 in Acinetobacter baumannii,2021,10.1016/j.jmb.2021.167150,PubMed,10.1016/j.jmb.2021.167150
Asymmetric protonation of glutamate residues drives a preferred transport pathway in EmrE,2021,10.1073/pnas.2110790118,PubMed,10.1073/pnas.2110790118
Bacteriophage Cocktail-Mediated Inhibition of Pseudomonas aeruginosa Biofilm on Endotracheal Tube Surface,2021,10.3390/antibiotics10010078,PubMed,10.3390/antibiotics10010078
Bacteriophage endolysins - extending their application to tissues and the bloodstream,2021,10.1016/j.copbio.2020.09.012,PubMed,10.1016/j.copbio.2020.09.012
Biotransformation of Doxorubicin Promotes Resilience in Simplified Intestinal Microbial Communities,2021,10.1128/mSphere.00068-21,PubMed,10.1128/msphere.00068-21
Combination Therapy with Fluoxetine and the Nucleoside Analog GS-441524 Exerts Synergistic Antiviral Effects against Different SARS-CoV-2 Variants In Vitro,2021,10.3390/pharmaceutics13091400,PubMed,10.3390/pharmaceutics13091400
Comparative Computational Modeling of the Bat and Human Immune Response to Viral Infection with the Comparative Biology Immune Agent Based Model,2021,10.3390/v13081620,PubMed,10.3390/v13081620
Comparing treatment strategies to reduce antibiotic resistance in an in vitro epidemiological setting,2021,10.1073/pnas.2023467118,PubMed,10.1073/pnas.2023467118
Conserved binding site in the N-lobe of prokaryotic MATE transporters suggests a role for Na(+) in ion-coupled drug efflux,2021,10.1016/j.jbc.2021.100262,PubMed,10.1016/j.jbc.2021.100262
Contribution of Drugs Interfering with Protein and Cell Wall Synthesis to the Persistence of Pseudomonas aeruginosa Biofilms: An In Vitro Model,2021,10.3390/ijms22041628,PubMed,10.3390/ijms22041628
Deciphering Complex Mechanisms of Resistance and Loss of Potency through Coupled Molecular Dynamics and Machine Learning,2021,10.1021/acs.jctc.0c01244,PubMed,10.1021/acs.jctc.0c01244
Decoding the Molecular Effects of Atovaquone Linked Resistant Mutations on Plasmodium falciparum Cytb-ISP Complex in the Phospholipid Bilayer Membrane,2021,10.3390/ijms22042138,PubMed,10.3390/ijms22042138
Degradation of antibiotic resistance genes and mobile gene elements in dairy manure anerobic digestion,2021,10.1371/journal.pone.0254836,PubMed,10.1371/journal.pone.0254836
Design principles of collateral sensitivity-based dosing strategies,2021,10.1038/s41467-021-25927-3,PubMed,10.1038/s41467-021-25927-3
Development of antibacterial compounds that constrain evolutionary pathways to resistance,2021,10.7554/eLife.64518,PubMed,10.7554/elife.64518
Disclosure of salicylic acid and jasmonic acid-responsive genes provides a molecular tool for deciphering stress responses in soybean,2021,10.1038/s41598-021-00209-6,PubMed,10.1038/s41598-021-00209-6
Dynamics of an LPS translocon induced by substrate and an antimicrobial peptide,2021,10.1038/s41589-020-00694-2,PubMed,10.1038/s41589-020-00694-2
Effective and biocompatible antibacterial surfaces via facile synthesis and surface modification of peptide polymers,2021,10.1016/j.bioactmat.2021.05.008,PubMed,10.1016/j.bioactmat.2021.05.008
Efficient RNA Virus Targeting via CRISPR/CasRx in Fish,2021,10.1128/JVI.00461-21,PubMed,10.1128/jvi.00461-21
Genetic and commensal induction of IL-18 drive intestinal epithelial MHCII via IFNγ,2021,10.1038/s41385-021-00419-1,PubMed,10.1038/s41385-021-00419-1
Gilteritinib overcomes lorlatinib resistance in ALK-rearranged cancer,2021,10.1038/s41467-021-21396-w,PubMed,10.1038/s41467-021-21396-w
Health and economic impact of the pneumococcal conjugate vaccine in hindering antimicrobial resistance in China,2021,10.1073/pnas.2004933118,PubMed,10.1073/pnas.2004933118
HIV-1 Integrase Inhibitors with Modifications That Affect Their Potencies against Drug Resistant Integrase Mutants,2021,10.1021/acsinfecdis.0c00819,PubMed,10.1021/acsinfecdis.0c00819
"In vitro anti-TB properties, in silico target validation, molecular docking and dynamics studies of substituted 1,2,4-oxadiazole analogues against Mycobacterium tuberculosis",2021,10.1080/14756366.2021.1900162,PubMed,10.1080/14756366.2021.1900162
Inhibition of SARS-CoV-2 polymerase by nucleotide analogs from a single-molecule perspective,2021,10.7554/eLife.70968,PubMed,10.7554/elife.70968
Mathematical-based microbiome analytics for clinical translation,2021,10.1016/j.csbj.2021.11.029,PubMed,10.1016/j.csbj.2021.11.029
Membrane transporter dimerization driven by differential lipid solvation energetics of dissociated and associated states,2021,10.7554/eLife.63288,PubMed,10.7554/elife.63288
Methodology for rigorous modeling of protein conformational changes by Rosetta using DEER distance restraints,2021,10.1371/journal.pcbi.1009107,PubMed,10.1371/journal.pcbi.1009107
Mitochondrial oxidative function in NAFLD: Friend or foe?,2021,10.1016/j.molmet.2020.101134,PubMed,10.1016/j.molmet.2020.101134
Multimodal pooled Perturb-CITE-seq screens in patient models define mechanisms of cancer immune evasion,2021,10.1038/s41588-021-00779-1,PubMed,10.1038/s41588-021-00779-1
N(6)-methyladenosine (m(6)A) is an endogenous A3 adenosine receptor ligand,2021,10.1016/j.molcel.2020.12.038,PubMed,10.1016/j.molcel.2020.12.038
Natural variants modify Klebsiella pneumoniae carbapenemase (KPC) acyl-enzyme conformational dynamics to extend antibiotic resistance,2021,10.1074/jbc.RA120.016461,PubMed,10.1074/jbc.ra120.016461
Newly identified parasitic nematode beta-tubulin alleles confer resistance to benzimidazoles,2021,10.1016/j.ijpddr.2021.09.006,PubMed,10.1016/j.ijpddr.2021.09.006
Non-Woven Infection Prevention Fabrics Coated with Biobased Cranberry Extracts Inactivate Enveloped Viruses Such as SARS-CoV-2 and Multidrug-Resistant Bacteria,2021,10.3390/ijms222312719,PubMed,10.3390/ijms222312719
"Novel 1,3,5-Triazinyl Aminobenzenesulfonamides Incorporating Aminoalcohol, Aminochalcone and Aminostilbene Structural Motifs as Potent Anti-VRE Agents, and Carbonic Anhydrases I, II, VII, IX, and XII Inhibitors",2021,10.3390/ijms23010231,PubMed,10.3390/ijms23010231
Persister Escherichia coli Cells Have a Lower Intracellular pH than Susceptible Cells but Maintain Their pH in Response to Antibiotic Treatment,2021,10.1128/mBio.00909-21,PubMed,10.1128/mbio.00909-21
Phosphorylation on PstP Regulates Cell Wall Metabolism and Antibiotic Tolerance in Mycobacterium smegmatis,2021,10.1128/JB.00563-20,PubMed,10.1128/jb.00563-20
Pseudomonas syringae pv. phaseolicola Uses Distinct Modes of Stationary-Phase Persistence To Survive Bacteriocin and Streptomycin Treatments,2021,10.1128/mBio.00161-21,PubMed,10.1128/mbio.00161-21
Quantifying rapid bacterial evolution and transmission within the mouse intestine,2021,10.1016/j.chom.2021.08.003,PubMed,10.1016/j.chom.2021.08.003
Rapamycin Alternatively Modifies Mitochondrial Dynamics in Dendritic Cells to Reduce Kidney Ischemic Reperfusion Injury,2021,10.3390/ijms22105386,PubMed,10.3390/ijms22105386
Recent progress of bacterial FtsZ inhibitors with a focus on peptides,2021,10.1111/febs.15489,PubMed,10.1111/febs.15489
Repeated outbreaks drive the evolution of bacteriophage communication,2021,10.7554/eLife.58410,PubMed,10.7554/elife.58410
Role of Phage Capsid in the Resistance to UV-C Radiations,2021,10.3390/ijms22073408,PubMed,10.3390/ijms22073408
Sofosbuvir Selects for Drug-Resistant Amino Acid Variants in the Zika Virus RNA-Dependent RNA-Polymerase Complex In Vitro,2021,10.3390/ijms22052670,PubMed,10.3390/ijms22052670
Structural Basis of Covalent Inhibitory Mechanism of TMPRSS2-Related Serine Proteases by Camostat,2021,10.1128/JVI.00861-21,PubMed,10.1128/jvi.00861-21
Structure-Function Relationships in the Human P-Glycoprotein (ABCB1): Insights from Molecular Dynamics Simulations,2021,10.3390/ijms23010362,PubMed,10.3390/ijms23010362
Surveying the Vampire Bat (Desmodus rotundus) Serum Proteome: A Resource for Identifying Immunological Proteins and Detecting Pathogens,2021,10.1021/acs.jproteome.0c00995,PubMed,10.1021/acs.jproteome.0c00995
Targeted design of drug binding sites in the main protease of SARS-CoV-2 reveals potential signatures of adaptation,2021,10.1016/j.bbrc.2021.03.118,PubMed,10.1016/j.bbrc.2021.03.118
The antimalarial MMV688533 provides potential for single-dose cures with a high barrier to Plasmodium falciparum parasite resistance,2021,10.1126/scitranslmed.abg6013,PubMed,10.1126/scitranslmed.abg6013
The Clonal Expansion Dynamics of the HIV-1 Reservoir: Mechanisms of Integration Site-Dependent Proliferation and HIV-1 Persistence,2021,10.3390/v13091858,PubMed,10.3390/v13091858
The commensal bacterium Lactiplantibacillus plantarum imprints innate memory-like responses in mononuclear phagocytes,2021,10.1080/19490976.2021.1939598,PubMed,10.1080/19490976.2021.1939598
The importance of individual variation for the interpretation of behavioural studies: ethanol effects vary with basal activity level in zebrafish larvae,2021,10.1007/s00213-021-05932-6,PubMed,10.1007/s00213-021-05932-6
The Quest to Quantify Selective and Synergistic Effects of Plasma for Cancer Treatment: Insights from Mathematical Modeling,2021,10.3390/ijms22095033,PubMed,10.3390/ijms22095033
Towards a general model for predicting minimal metal concentrations co-selecting for antibiotic resistance plasmids,2021,10.1016/j.envpol.2021.116602,PubMed,10.1016/j.envpol.2021.116602
Traumatic Brain Injury Impairs Systemic Vascular Function Through Disruption of Inward-Rectifier Potassium Channels,2021,10.1093/function/zqab018,PubMed,10.1093/function/zqab018
Using machine learning and big data to explore the drug resistance landscape in HIV,2021,10.1371/journal.pcbi.1008873,PubMed,10.1371/journal.pcbi.1008873
"Virtual screening-driven drug discovery of SARS-CoV2 enzyme inhibitors targeting viral attachment, replication, post-translational modification and host immunity evasion infection mechanisms",2021,10.1080/07391102.2020.1776639,PubMed,10.1080/07391102.2020.1776639
Wide-open conformation of UDP-MurNc-tripeptide ligase revealed by the substrate-free structure of MurE from Acinetobacter baumannii,2021,10.1002/1873-3468.14007,PubMed,10.1002/1873-3468.14007
A comparative study of receptor interactions between SARS-CoV and SARS-CoV-2 from molecular modeling,2022,10.1007/s00894-022-05231-7,PubMed,10.1007/s00894-022-05231-7
A modified fluctuation-test framework characterizes the population dynamics and mutation rate of colorectal cancer persister cells,2022,10.1038/s41588-022-01105-z,PubMed,10.1038/s41588-022-01105-z
"A Self-Forming Hydrogel from a Bactericidal Copolymer: Synthesis, Characterization, Biological Evaluations and Perspective Applications",2022,10.3390/ijms232315092,PubMed,10.3390/ijms232315092
An orally administered drug prevents selection for antibiotic-resistant bacteria in the gut during daptomycin therapy,2022,10.1093/emph/eoac035,PubMed,10.1093/emph/eoac035
Analysis of the evolution of resistance to multiple antibiotics enables prediction of the Escherichia coli phenotype-based fitness landscape,2022,10.1371/journal.pbio.3001920,PubMed,10.1371/journal.pbio.3001920
Antimicrobial Applications of Green Synthesized Bimetallic Nanoparticles from Ocimum basilicum,2022,10.3390/pharmaceutics14112457,PubMed,10.3390/pharmaceutics14112457
Antimicrobial peptide expression in the cockroach gut during enterobacterial infection is specific and influenced by type III secretion,2022,10.1242/bio.059414,PubMed,10.1242/bio.059414
Arms race and fluctuating selection dynamics in Pseudomonas aeruginosa bacteria coevolving with phage OMKO1,2022,10.1111/jeb.14095,PubMed,10.1111/jeb.14095
Assessment of Plasmodium falciparum Artemisinin Resistance Independent of kelch13 Polymorphisms and with Escalating Malaria in Bangladesh,2022,10.1128/mbio.03444-21,PubMed,10.1128/mbio.03444-21
"B cells going viral in the CNS: Dynamics, complexities, and functions of B cells responding to viral encephalitis",2022,10.1111/imr.13124,PubMed,10.1111/imr.13124
Binding mechanism of oseltamivir and influenza neuraminidase suggests perspectives for the design of new anti-influenza drugs,2022,10.1371/journal.pcbi.1010343,PubMed,10.1371/journal.pcbi.1010343
Binding Thermodynamics and Dissociation Kinetics Analysis Uncover the Key Structural Motifs of Phenoxyphenol Derivatives as the Direct InhA Inhibitors and the Hotspot Residues of InhA,2022,10.3390/ijms231710102,PubMed,10.3390/ijms231710102
Comparative analysis of stress-induced calcium signals in the crop species barley and the model plant Arabidopsis thaliana,2022,10.1186/s12870-022-03820-5,PubMed,10.1186/s12870-022-03820-5
Crystal structure and functional analysis of mycobacterial erythromycin resistance methyltransferase Erm38 reveals its RNA-binding site,2022,10.1016/j.jbc.2022.101571,PubMed,10.1016/j.jbc.2022.101571
Dehydroascorbate induces plant resistance in rice against root-knot nematode Meloidogyne graminicola,2022,10.1111/mpp.13230,PubMed,10.1111/mpp.13230
Docking and Molecular Dynamic of Microalgae Compounds as Potential Inhibitors of Beta-Lactamase,2022,10.3390/ijms23031630,PubMed,10.3390/ijms23031630
Dynamic Observation: Immune-Privileged Microenvironment Limited the Effectiveness of Immunotherapy in an Intraocular Metastasis Mouse Model,2022,10.1159/000524485,PubMed,10.1159/000524485
Egg excretion indicators for the measurement of soil-transmitted helminth response to treatment,2022,10.1371/journal.pntd.0010593,PubMed,10.1371/journal.pntd.0010593
Estimating the effect of vaccination on antimicrobial-resistant typhoid fever in 73 countries supported by Gavi: a mathematical modelling study,2022,10.1016/S1473-3099(21)00627-7,PubMed,10.1016/s1473-3099(21)00627-7
Functional mgrA Influences Genetic Changes within a Staphylococcus aureus Cell Population over Time,2022,10.1128/jb.00138-22,PubMed,10.1128/jb.00138-22
GPCR-FEX: A Fluoride-Based Selection System for Rapid GPCR Screening and Engineering,2022,10.1021/acssynbio.1c00030,PubMed,10.1021/acssynbio.1c00030
Grafting-enhanced tolerance of cucumber to toxic stress is associated with regulation of phenolic and other aromatic acids metabolism,2022,10.7717/peerj.13521,PubMed,10.7717/peerj.13521
"HIV-1 protease with 10 lopinavir and darunavir resistance mutations exhibits altered inhibition, structural rearrangements and extreme dynamics",2022,10.1016/j.jmgm.2022.108315,PubMed,10.1016/j.jmgm.2022.108315
Honokiol ameliorates cisplatin-induced acute kidney injury via inhibition of mitochondrial fission,2022,10.1111/bph.15837,PubMed,10.1111/bph.15837
"Human Nasal Epithelial Cells Sustain Persistent SARS-CoV-2 Infection In Vitro, despite Eliciting a Prolonged Antiviral Response",2022,10.1128/mbio.03436-21,PubMed,10.1128/mbio.03436-21
"ICEscreen: a tool to detect Firmicute ICEs and IMEs, isolated or enclosed in composite structures",2022,10.1093/nargab/lqac079,PubMed,10.1093/nargab/lqac079
Improving Tirapazamine (TPZ) to Target and Eradicate Hypoxia Tumors by Gold Nanoparticle Carriers,2022,10.3390/pharmaceutics14040847,PubMed,10.3390/pharmaceutics14040847
In silico analysis of SARS-CoV-2 spike protein N501Y and N501T mutation effects on human ACE2 binding,2022,10.1016/j.jmgm.2022.108260,PubMed,10.1016/j.jmgm.2022.108260
Inferring characteristics of bacterial swimming in biofilm matrix from time-lapse confocal laser scanning microscopy,2022,10.7554/eLife.76513,PubMed,10.7554/elife.76513
Integrated metabolomic and transcriptomic analyses of the synergistic effect of polymyxin-rifampicin combination against Pseudomonas aeruginosa,2022,10.1186/s12929-022-00874-3,PubMed,10.1186/s12929-022-00874-3
Limited neutralisation of the SARS-CoV-2 Omicron subvariants BA.1 and BA.2 by convalescent and vaccine serum and monoclonal antibodies,2022,10.1016/j.ebiom.2022.104158,PubMed,10.1016/j.ebiom.2022.104158
Link Between Antibiotic Persistence and Antibiotic Resistance in Bacterial Pathogens,2022,10.3389/fcimb.2022.900848,PubMed,10.3389/fcimb.2022.900848
Me-Better Drug Design Based on Nevirapine and Mechanism of Molecular Interactions with Y188C Mutant HIV-1 Reverse Transcriptase,2022,10.3390/molecules27217348,PubMed,10.3390/molecules27217348
Microcin MccI47 selectively inhibits enteric bacteria and reduces carbapenem-resistant Klebsiella pneumoniae colonization in vivo when administered via an engineered live biotherapeutic,2022,10.1080/19490976.2022.2127633,PubMed,10.1080/19490976.2022.2127633
Molecular Characterization of the Response to Conventional Chemotherapeutics in Pro-B-ALL Cell Lines in Terms of Tumor Relapse,2022,10.3390/genes13071240,PubMed,10.3390/genes13071240
"Neonatal acquisition of extended-spectrum beta-lactamase-producing Enterobacteriaceae in the community of a low-income country (NeoLIC): protocol for a household cohort study in Moramanga, Madagascar",2022,10.1136/bmjopen-2022-061463,PubMed,10.1136/bmjopen-2022-061463
Novel Mucoadhesive Wafers for Treating Local Vaginal Infections,2022,10.3390/biomedicines10123036,PubMed,10.3390/biomedicines10123036
Novel role of UHRF1 in the epigenetic repression of the latent HIV-1,2022,10.1016/j.ebiom.2022.103985,PubMed,10.1016/j.ebiom.2022.103985
Nutrient Availability and Biofilm Polysaccharide Shape the Bacillaene-Dependent Antagonism of Bacillus subtilis against Salmonella Typhimurium,2022,10.1128/spectrum.01836-22,PubMed,10.1128/spectrum.01836-22
"Omicron Variant (B.1.1.529): Infectivity, Vaccine Breakthrough, and Antibody Resistance",2022,10.1021/acs.jcim.1c01451,PubMed,10.1021/acs.jcim.1c01451
Parametric population pharmacokinetics of linezolid: A systematic review,2022,10.1111/bcp.15368,PubMed,10.1111/bcp.15368
Pogostone Enhances the Antibacterial Activity of Colistin against MCR-1-Positive Bacteria by Inhibiting the Biological Function of MCR-1,2022,10.3390/molecules27092819,PubMed,10.3390/molecules27092819
Preparing for the next COVID: Deep Reinforcement Learning trained Artificial Intelligence discovery of multi-modal immunomodulatory control of systemic inflammation in the absence of effective anti-microbials,2022,10.1101/2022.02.17.480940,PubMed,10.1101/2022.02.17.480940
Prioritising attributes for tuberculosis preventive treatment regimens: a modelling analysis,2022,10.1186/s12916-022-02378-1,PubMed,10.1186/s12916-022-02378-1
RNA helicase DDX5 enables STAT1 mRNA translation and interferon signalling in hepatitis B virus replicating hepatocytes,2022,10.1136/gutjnl-2020-323126,PubMed,10.1136/gutjnl-2020-323126
"Screening of Novel Antimicrobial Diastereomers of Azithromycin-Thiosemicarbazone Conjugates: A Combined LC-SPE/Cryo NMR, MS/MS and Molecular Modeling Approach",2022,10.3390/antibiotics11121738,PubMed,10.3390/antibiotics11121738
"Spatiotemporal spread of Plasmodium falciparum mutations for resistance to sulfadoxine-pyrimethamine across Africa, 1990-2020",2022,10.1371/journal.pcbi.1010317,PubMed,10.1371/journal.pcbi.1010317
"Supramolecular Protein-Polyelectrolyte Assembly at Near Physiological Conditions-Water Proton NMR, ITC, and DLS Study",2022,10.3390/molecules27217424,PubMed,10.3390/molecules27217424
Systems-Wide Dissection of Organic Acid Assimilation in Pseudomonas aeruginosa Reveals a Novel Path To Underground Metabolism,2022,10.1128/mbio.02541-22,PubMed,10.1128/mbio.02541-22
The infectivity and pathogenicity of hepatitis A virus live-attenuated vaccine strain H2 in type I interferon receptor-deficient mice,2022,10.1016/j.virs.2022.07.009,PubMed,10.1016/j.virs.2022.07.009
The Role of Integration Host Factor in Escherichia coli Persister Formation,2022,10.1128/mbio.03420-21,PubMed,10.1128/mbio.03420-21
The Structural Basis of Mycobacterium tuberculosis RpoB Drug-Resistant Clinical Mutations on Rifampicin Drug Binding,2022,10.3390/molecules27030885,PubMed,10.3390/molecules27030885
Therapeutic evaluation of the Acinetobacter baumannii phage Phab24 for clinical use,2022,10.1016/j.virusres.2022.198889,PubMed,10.1016/j.virusres.2022.198889
TIM3+ TRBV11-2 T cells and IFNγ signature in patrolling monocytes and CD16+ NK cells delineate MIS-C,2022,10.1084/jem.20211381,PubMed,10.1084/jem.20211381
Transmission and Drug Resistance Characteristics of Human Immunodeficiency Virus-1 Strain Using Medical Information Data Retrieval System,2022,10.1155/2022/2173339,PubMed,10.1155/2022/2173339
"2,6-Disubstituted 7-(naphthalen-2-ylmethyl)-7H-purines as a new class of potent antitubercular agents inhibiting DprE1",2023,10.1016/j.ejmech.2023.115611,PubMed,10.1016/j.ejmech.2023.115611
A Pharmacodynamic Study of Aminoglycosides against Pathogenic E. coli through Monte Carlo Simulation,2023,10.3390/ph17010027,PubMed,10.3390/ph17010027
A pig model of chronic hepatitis E displaying persistent viremia and a downregulation of innate immune responses in the liver,2023,10.1097/HC9.0000000000000274,PubMed,10.1097/hc9.0000000000000274
Added Value of Next Generation Sequencing in Characterizing the Evolution of HIV-1 Drug Resistance in Kenyan Youth,2023,10.3390/v15071416,PubMed,10.3390/v15071416
Antibacterial Properties and Computational Insights of Potent Novel Linezolid-Based Oxazolidinones,2023,10.3390/ph16040516,PubMed,10.3390/ph16040516
Bedaquiline and clofazimine resistance in Mycobacterium tuberculosis: an in-vitro and in-silico data analysis,2023,10.1016/S2666-5247(23)00002-2,PubMed,10.1016/s2666-5247(23)00002-2
Bifurcation analysis of a tuberculosis progression model for drug target identification,2023,10.1038/s41598-023-44569-7,PubMed,10.1038/s41598-023-44569-7
Bordetella spp. utilize the type 3 secretion system to manipulate the VIP/VPAC2 signaling and promote colonization and persistence of the three classical Bordetella in the lower respiratory tract,2023,10.3389/fcimb.2023.1111502,PubMed,10.3389/fcimb.2023.1111502
Candida parapsilosis isolates carrying mutations outside FKS1 hotspot regions confer high echinocandin tolerance and facilitate the development of echinocandin resistance,2023,10.1016/j.ijantimicag.2023.106831,PubMed,10.1016/j.ijantimicag.2023.106831
Cell-to-cell transmission promotes the emergence of double-drug resistance,2023,10.1093/ve/vead017,PubMed,10.1093/ve/vead017
Challenges in Imaging Analyses of Biomolecular Condensates in Cells Infected with Influenza A Virus,2023,10.3390/ijms242015253,PubMed,10.3390/ijms242015253
Childhood exposure to non-persistent endocrine disrupting chemicals and multi-omic profiles: A panel study,2023,10.1016/j.envint.2023.107856,PubMed,10.1016/j.envint.2023.107856
Comparison of HAV and HCV infections in vivo and in vitro reveals distinct patterns of innate immune evasion and activation,2023,10.1016/j.jhep.2023.04.023,PubMed,10.1016/j.jhep.2023.04.023
Cost-effectiveness analysis of typhoid conjugate vaccines in an outbreak setting: a modeling study,2023,10.1186/s12879-023-08105-2,PubMed,10.1186/s12879-023-08105-2
De novo design of anti-variant COVID-19 vaccine,2023,10.1093/biomethods/bpad021,PubMed,10.1093/biomethods/bpad021
Dehydroepiandrosterone Sulfate (DHEAS) Is an Endogenous Kv7 Channel Modulator That Reduces Kv7/M-Current Suppression and Inflammatory Pain,2023,10.1523/JNEUROSCI.2307-22.2023,PubMed,10.1523/jneurosci.2307-22.2023
Deriving mechanism-based pharmacodynamic models by reducing quantitative systems pharmacology models: An application to warfarin,2023,10.1002/psp4.12903,PubMed,10.1002/psp4.12903
Dynamics of Antibiotic Resistance of Streptococcus pneumoniae in France: A Pediatric Prospective Nasopharyngeal Carriage Study from 2001 to 2022,2023,10.3390/antibiotics12061020,PubMed,10.3390/antibiotics12061020
Dynamics of drug delivery determines course of evolution of antibiotic responses in bacteria,2023,10.1101/2023.11.29.569327,PubMed,10.1101/2023.11.29.569327
Environmental modulation of global epistasis in a drug resistance fitness landscape,2023,10.1038/s41467-023-43806-x,PubMed,10.1038/s41467-023-43806-x
Evolution of lasR mutants in polymorphic Pseudomonas aeruginosa populations facilitates chronic infection of the lung,2023,10.1038/s41467-023-41704-w,PubMed,10.1038/s41467-023-41704-w
Evolved bacterial resistance to the chemotherapy gemcitabine modulates its efficacy in co-cultured cancer cells,2023,10.7554/eLife.83140,PubMed,10.7554/elife.83140
Evolving Mutational Buildup in HIV-1 Protease Shifts Conformational Dynamics to Gain Drug Resistance,2023,10.1021/acs.jcim.3c00535,PubMed,10.1021/acs.jcim.3c00535
"Factors impacting antimicrobial resistance in the South East Asian food system and potential places to intervene: A participatory, one health study",2023,10.3389/fmicb.2022.992507,PubMed,10.3389/fmicb.2022.992507
Feature weighted models to address lineage dependency in drug-resistance prediction from Mycobacterium tuberculosis genome sequences,2023,10.1093/bioinformatics/btad428,PubMed,10.1093/bioinformatics/btad428
"Fever integrates antimicrobial defences, inflammation control, and tissue repair in a cold-blooded vertebrate",2023,10.7554/eLife.83644,PubMed,10.7554/elife.83644
High-throughput phenogenotyping of Mycobacteria tuberculosis clinical strains reveals bacterial determinants of treatment outcomes,2023,10.1101/2023.04.09.536166,PubMed,10.1101/2023.04.09.536166
Homogenization modelling of antibiotic diffusion and adsorption in viral liquid crystals,2023,10.1098/rsos.221120,PubMed,10.1098/rsos.221120
Impact of testing on Clostridioides difficile infection in hospitals across Europe: a mathematical model,2023,10.1016/j.cmi.2023.02.004,PubMed,10.1016/j.cmi.2023.02.004
Interleukin-6 Facilitates Acute Myeloid Leukemia Chemoresistance via Mitofusin 1-Mediated Mitochondrial Fusion,2023,10.1158/1541-7786.MCR-23-0382,PubMed,10.1158/1541-7786.mcr-23-0382
"Lenacapavir: A Novel, Potent, and Selective First-in-Class Inhibitor of HIV-1 Capsid Function Exhibits Optimal Pharmacokinetic Properties for a Long-Acting Injectable Antiretroviral Agent",2023,10.1021/acs.molpharmaceut.3c00626,PubMed,10.1021/acs.molpharmaceut.3c00626
Lipid biosynthesis perturbation impairs endoplasmic reticulum-associated degradation,2023,10.1016/j.jbc.2023.104939,PubMed,10.1016/j.jbc.2023.104939
Machine learning aided multiscale modelling of the HIV-1 infection in the presence of NRTI therapy,2023,10.7717/peerj.15033,PubMed,10.7717/peerj.15033
Modeling policy interventions for slowing the spread of artemisinin-resistant pfkelch R561H mutations in Rwanda,2023,10.1038/s41591-023-02551-w,PubMed,10.1038/s41591-023-02551-w
Mycobacterium tuberculosis carrying the rifampicin drug-resistance-conferring rpoB mutation H445Y is associated with suppressed immunity through type I interferons,2023,10.1128/mbio.00946-23,PubMed,10.1128/mbio.00946-23
"Overlooked Candida glabrata petites are echinocandin tolerant, induce host inflammatory responses, and display poor in vivo fitness",2023,10.1128/mbio.01180-23 ,PubMed,10.1128/mbio.01180-23
PfCRT mutations conferring piperaquine resistance in falciparum malaria shape the kinetics of quinoline drug binding and transport,2023,10.1371/journal.ppat.1011436,PubMed,10.1371/journal.ppat.1011436
pH-dependence of the Plasmodium falciparum chloroquine resistance transporter is linked to the transport cycle,2023,10.1038/s41467-023-39969-2,PubMed,10.1038/s41467-023-39969-2
Phospholipid transport to the bacterial outer membrane through an envelope-spanning bridge,2023,10.1101/2023.10.05.561070,PubMed,10.1101/2023.10.05.561070
Progress in Nanostructured Mechano-Bactericidal Polymeric Surfaces for Biomedical Applications,2023,10.3390/nano13202799,PubMed,10.3390/nano13202799
Pulsed antibiotic treatments of gnotobiotic mice manifest in complex bacterial community dynamics and resistance effects,2023,10.1016/j.chom.2023.05.013,PubMed,10.1016/j.chom.2023.05.013
"Rebound of multiple infections and prevalence of anti-malarial resistance associated markers following malaria upsurges in Dielmo village, Senegal, West Africa",2023,10.1186/s12936-023-04694-0,PubMed,10.1186/s12936-023-04694-0
Rechargeable Multifunctional Anti-Bacterial AEMs for Electrodialysis: Improving Anti-Biological Performance via Synergistic Antibacterial Mechanism,2023,10.1002/advs.202303588,PubMed,10.1002/advs.202303588
"Risk Factors, Temporal Dependence, and Seasonality of Human Extended-Spectrum β-Lactamases-Producing Escherichia coli and Klebsiella pneumoniae Colonization in Malawi: A Longitudinal Model-Based Approach",2023,10.1093/cid/ciad117,PubMed,10.1093/cid/ciad117
"Role of prebiotics, probiotics, and synbiotics in management of inflammatory bowel disease: Current perspectives",2023,10.3748/wjg.v29.i14.2078,PubMed,10.3748/wjg.v29.i14.2078
Roles of Virtual Screening and Molecular Dynamics Simulations in Discovering and Understanding Antimalarial Drugs,2023,10.3390/ijms24119289,PubMed,10.3390/ijms24119289
"STING agonist-loaded, CD47/PD-L1-targeting nanoparticles potentiate antitumor immunity and radiotherapy for glioblastoma",2023,10.1038/s41467-023-37328-9,PubMed,10.1038/s41467-023-37328-9
Structural and molecular characterization of lopinavir and ivermectin as breast cancer resistance protein (BCRP/ABCG2) inhibitors,2023,10.17179/excli2023-6427,PubMed,10.17179/excli2023-6427
Targeting CXCR4 abrogates resistance to trastuzumab by blocking cell cycle progression and synergizes with docetaxel in breast cancer treatment,2023,10.1186/s13058-023-01665-w,PubMed,10.1186/s13058-023-01665-w
Targeting hemoglobin receptors IsdH and IsdB of Staphylococcus aureus with a single VHH antibody inhibits bacterial growth,2023,10.1016/j.jbc.2023.104927,PubMed,10.1016/j.jbc.2023.104927
"The Dynamic Fungal Genome: Polyploidy, Aneuploidy and Copy Number Variation in Response to Stress",2023,10.1146/annurev-micro-041320-112443,PubMed,10.1146/annurev-micro-041320-112443
The evolution of antibiotic resistance in an incurable and ultimately fatal infection: A retrospective case study,2023,10.1093/emph/eoad012,PubMed,10.1093/emph/eoad012
The future of evolutionary medicine: sparking innovation in biomedicine and public health,2023,10.3389/fsci.2023.997136,PubMed,10.3389/fsci.2023.997136
The microbiota conditions a gut milieu that selects for wild-type Salmonella Typhimurium virulence,2023,10.1371/journal.pbio.3002253,PubMed,10.1371/journal.pbio.3002253
Towards designing of a potential new HIV-1 protease inhibitor using QSAR study in combination with Molecular docking and Molecular dynamics simulations,2023,10.1371/journal.pone.0284539,PubMed,10.1371/journal.pone.0284539
Transfer of the Integrative and Conjugative Element ICESt3 of Streptococcus thermophilus in Physiological Conditions Mimicking the Human Digestive Ecosystem,2023,10.1128/spectrum.04667-22,PubMed,10.1128/spectrum.04667-22
Unveiling mutation effects on the structural dynamics of the main protease from SARS-CoV-2 with hybrid simulation methods,2023,10.1016/j.jmgm.2023.108443,PubMed,10.1016/j.jmgm.2023.108443
Whole-genome sequencing confirms a persistent candidaemia clonal outbreak due to multidrug-resistant Candida parapsilosis,2023,10.1093/jac/dkad112,PubMed,10.1093/jac/dkad112
A Brief Overview of Ethanol Tolerance and Its Potential Association with Circadian Rhythm in Drosophila,2024,10.3390/ijms252312605,PubMed,10.3390/ijms252312605
A conserved in vivo burn wound infection model for diverse pathogenic fungi,2024,10.1101/2024.11.12.623264,PubMed,10.1101/2024.11.12.623264
A Dynamic Interplay of Innate Immune Responses During Urinary Tract Infection,2024,10.4110/in.2024.24.e31,PubMed,10.4110/in.2024.24.e31
A finely balanced order-disorder equilibrium sculpts the folding-binding landscape of an antibiotic sequestering protein,2024,10.1073/pnas.2318855121,PubMed,10.1073/pnas.2318855121
A genetically encoded biosensor to monitor dynamic changes of c-di-GMP with high temporal resolution,2024,10.1038/s41467-024-48295-0,PubMed,10.1038/s41467-024-48295-0
A mechanistic modelling approach of the host-microbiota interactions to investigate beneficial symbiotic resilience in the human gut,2024,10.1098/rsif.2023.0756,PubMed,10.1098/rsif.2023.0756
A potent and selective reaction hijacking inhibitor of Plasmodium falciparum tyrosine tRNA synthetase exhibits single dose oral efficacy in vivo,2024,10.1371/journal.ppat.1012429,PubMed,10.1371/journal.ppat.1012429
A quantitative modeling framework to understand the physiology of the hypothalamic-pituitary-adrenal axis and interaction with cortisol replacement therapy,2024,10.1007/s10928-024-09934-7,PubMed,10.1007/s10928-024-09934-7
A robust computational quest: Discovering potential hits to improve the treatment of pyrazinamide-resistant Mycobacterium tuberculosis,2024,10.1111/jcmm.18279,PubMed,10.1111/jcmm.18279
A spatio-temporal model of multi-marker antimalarial resistance,2024,10.1098/rsif.2023.0570,PubMed,10.1098/rsif.2023.0570
An ecological and stochastic perspective on persisters resuscitation,2024,10.1016/j.csbj.2024.12.002,PubMed,10.1016/j.csbj.2024.12.002
An Overview of Zika Virus and Zika Virus Induced Neuropathies,2024,10.3390/ijms26010047,PubMed,10.3390/ijms26010047
Antimalarial drug sulfadoxine induces gametocytogenesis in Plasmodium berghei,2024,10.1186/s12936-024-05071-1,PubMed,10.1186/s12936-024-05071-1
Antimicrobial and antibiofilm activity of human recombinant H1 histones against bacterial infections,2024,10.1128/msystems.00704-24,PubMed,10.1128/msystems.00704-24
ASB3 expression aggravates inflammatory bowel disease by targeting TRAF6 protein stability and affecting the intestinal microbiota,2024,10.1128/mbio.02043-24,PubMed,10.1128/mbio.02043-24
Carbon Dots Infused 3D Printed Cephalopod Mimetic Bactericidal and Antioxidant Hydrogel for Uniaxial Mechano-Fluorescent Tactile Sensor,2024,10.1002/adma.202409819,PubMed,10.1002/adma.202409819
CD4 nadir and neurocognitive trajectories in people living with HIV,2024,10.1007/s13365-024-01217-8,PubMed,10.1007/s13365-024-01217-8
Characterization of beta2-adrenergic receptor knockout mouse model during Chlamydia muridarum genital infection,2024,10.1093/femspd/ftae029,PubMed,10.1093/femspd/ftae029
Characterizing OXPHOS inhibitor-mediated alleviation of hypoxia using high-throughput live cell-imaging,2024,10.1186/s40170-024-00342-6,PubMed,10.1186/s40170-024-00342-6
Co-localization of antibiotic resistance genes is widespread in the infant gut microbiome and associates with an immature gut microbial composition,2024,10.1186/s40168-024-01800-5,PubMed,10.1186/s40168-024-01800-5
Combination of oncolytic Maraba virus with immune checkpoint blockade overcomes therapy resistance in an immunologically cold model of advanced melanoma with dysfunctional T-cell receptor signalling,2024,10.1136/jitc-2024-009443,PubMed,10.1136/jitc-2024-009443
Combining deep learning and droplet microfluidics for rapid and label-free antimicrobial susceptibility testing of colistin,2024,10.1016/j.bios.2024.116301,PubMed,10.1016/j.bios.2024.116301
Contrasting the effect of hinge region insertions and non-active site mutations on HIV protease-inhibitor interactions: Insights from altered flap dynamics,2024,10.1016/j.jmgm.2024.108850,PubMed,10.1016/j.jmgm.2024.108850
Cost-effectiveness of resistance-guided therapy for Mycoplasma genitalium in Australia,2024,10.1038/s41598-024-63056-1,PubMed,10.1038/s41598-024-63056-1
COVID-19 testing and reporting behaviours in England across different sociodemographic groups: a population-based study using testing data and data from community prevalence surveillance surveys,2024,10.1016/S2589-7500(24)00169-9,PubMed,10.1016/s2589-7500(24)00169-9
Decoding early stress signaling waves in living plants using nanosensor multiplexing,2024,10.1038/s41467-024-47082-1,PubMed,10.1038/s41467-024-47082-1
Developing a framework for tracking antimicrobial resistance gene movement in a persistent environmental reservoir,2024,10.1038/s44259-024-00069-w,PubMed,10.1038/s44259-024-00069-w
"Doxorubicin resistance involves modulation of interferon signaling, transcriptional bursting, and gene co-expression patterns of U-ISGF3-related genes",2024,10.1016/j.neo.2024.101071,PubMed,10.1016/j.neo.2024.101071
Dual RNA-seq study of the dynamics of coding and non-coding RNA expression during Clostridioides difficile infection in a mouse model,2024,10.1128/msystems.00863-24,PubMed,10.1128/msystems.00863-24
Dynamic Adaptation in Extant Porins Facilitates Antibiotic Tolerance in Energetic Escherichia coli,2024,10.1101/2024.03.07.583920,PubMed,10.1101/2024.03.07.583920
"Gene content, phage cycle regulation model and prophage inactivation disclosed by prophage genomics in the Helicobacter pylori Genome Project",2024,10.1080/19490976.2024.2379440,PubMed,10.1080/19490976.2024.2379440
HIV-1 exploits LBPA-dependent intraepithelial trafficking for productive infection of human intestinal mucosa,2024,10.1371/journal.ppat.1012714,PubMed,10.1371/journal.ppat.1012714
HyperTraPS-CT: Inference and prediction for accumulation pathways with flexible data and model structures,2024,10.1371/journal.pcbi.1012393,PubMed,10.1371/journal.pcbi.1012393
Identification of FDA-approved drugs with triple targeting mode of action for the treatment of monkeypox: a high throughput virtual screening study,2024,10.1007/s11030-023-10636-4,PubMed,10.1007/s11030-023-10636-4
Impact of heavy alcohol consumption on cortical bone mechanical properties in male rhesus macaques,2024,10.1016/j.bone.2024.117041,PubMed,10.1016/j.bone.2024.117041
Improving Risk Prediction of Methicillin-Resistant Staphylococcus aureus Using Machine Learning Methods With Network Features: Retrospective Development Study,2024,10.2196/48067,PubMed,10.2196/48067
In vivo efficacy of phage cocktails against carbapenem resistance Acinetobacter baumannii in the rat pneumonia model,2024,10.1128/jvi.00467-24,PubMed,10.1128/jvi.00467-24
Incorporating temporal dynamics of mutations to enhance the prediction capability of antiretroviral therapy's outcome for HIV-1,2024,10.1093/bioinformatics/btae327,PubMed,10.1093/bioinformatics/btae327
Infection Prevention and Control Strategies According to the Type of Multidrug-Resistant Bacteria and Candida auris in Intensive Care Units: A Pragmatic Resume including Pathogens R(0) and a Cost-Effectiveness Analysis,2024,10.3390/antibiotics13080789,PubMed,10.3390/antibiotics13080789
Inhibition of falcilysin from Plasmodium falciparum by interference with its closed-to-open dynamic transition,2024,10.1038/s42003-024-06774-6,PubMed,10.1038/s42003-024-06774-6
Insights into the Mechanism of Action of the Degraded Limonoid Prieurianin,2024,10.3390/ijms25073597,PubMed,10.3390/ijms25073597
"Insilico exploration C. koseri ATP synthase inhibitors by pharmacophore-based virtual screening, molecular docking and MD simulation",2024,10.1371/journal.pone.0308251,PubMed,10.1371/journal.pone.0308251
Integration of molecular docking and molecular dynamics simulations with subtractive proteomics approach to identify the novel drug targets and their inhibitors in Streptococcus gallolyticus,2024,10.1038/s41598-024-64769-z,PubMed,10.1038/s41598-024-64769-z
Intelligent Carbon Dots with Switchable Photo-Activated Oxidase-Mimicking Activity and pH Responsive Antioxidant Activity Adaptive to the Wound Microenvironment for Selective Antibacterial Therapy,2024,10.1002/advs.202406681,PubMed,10.1002/advs.202406681
Limited Short-Term Evolution of SARS-CoV-2 RNA-Dependent RNA Polymerase under Remdesivir Exposure in Upper Respiratory Compartments,2024,10.3390/v16101511,PubMed,10.3390/v16101511
"Long-term effect of pneumococcal conjugate vaccines on invasive pneumococcal disease incidence among people of all ages from national, active, laboratory-based surveillance in South Africa, 2005-19: a cohort observational study",2024,10.1016/S2214-109X(24)00263-8,PubMed,10.1016/s2214-109x(24)00263-8
Longitudinal Trends in HIV-1 Subtypes and Drug Resistance in Children from Argentina over a 15-Year Period (2006-2021),2024,10.24875/RIC.23000210,PubMed,10.24875/ric.23000210
Macrophage-induced reduction of bacteriophage density limits the efficacy of in vivo pulmonary phage therapy,2024,10.1038/s41467-025-61268-1,PubMed,10.1038/s41467-025-61268-1
Melanoma in people living with HIV: Immune landscape dynamics and the role of immuno- and antiviral therapies,2024,10.1007/s10555-024-10230-6,PubMed,10.1007/s10555-024-10230-6
Microbial interactions impact stress tolerance in a model oral community,2024,10.1128/spectrum.01005-24,PubMed,10.1128/spectrum.01005-24
Modeling of intravenous caspofungin administration using an intestine-on-chip reveals altered Candida albicans microcolonies and pathogenicity,2024,10.1016/j.biomaterials.2024.122525,PubMed,10.1016/j.biomaterials.2024.122525
Modelling the impact of wastewater flows and management practices on antimicrobial resistance in dairy farms,2024,10.1038/s44259-024-00029-4,PubMed,10.1038/s44259-024-00029-4
Molecular Insights into the Binding and Conformational Changes of Hepcidin25 Blood Peptide with 4-Aminoantipyrine and Their Sorption Mechanism by Carboxylic-Functionalized Multiwalled Carbon Nanotubes: A Comprehensive Spectral Analysis and Molecular Dynamics Simulation Study,2024,10.1021/acsomega.4c04515,PubMed,10.1021/acsomega.4c04515
Molecular insights into the evolutionary trajectory of a Klebsiella aerogenes clinical isolate with a complex trade-off between resistance and virulence,2024,10.1128/aac.01036-24,PubMed,10.1128/aac.01036-24
Multi-strain phage induced clearance of bacterial infections,2024,10.1371/journal.pcbi.1012793,PubMed,10.1371/journal.pcbi.1012793
Nanozyme-Based Robotics Approach for Targeting Fungal Infection,2024,10.1002/adma.202300320,PubMed,10.1002/adma.202300320
Normalizing granuloma vasculature and matrix improves drug delivery and reduces bacterial burden in tuberculosis-infected rabbits,2024,10.1073/pnas.2321336121,PubMed,10.1073/pnas.2321336121
Novel metallo-β-lactamases inhibitors restore the susceptibility of carbapenems to New Delhi metallo-lactamase-1 (NDM-1)-harbouring bacteria,2024,10.1111/bph.16210,PubMed,10.1111/bph.16210
On the function of TRAP substrate-binding proteins: Conformational variation of the sialic acid binding protein SiaP,2024,10.1016/j.jbc.2024.107851,PubMed,10.1016/j.jbc.2024.107851
"On-target, dual aminopeptidase inhibition provides cross-species antimalarial activity",2024,10.1128/mbio.00966-24,PubMed,10.1128/mbio.00966-24
Opportunities and limitations of genomics for diagnosing bedaquiline-resistant tuberculosis: a systematic review and individual isolate meta-analysis,2024,10.1016/S2666-5247(23)00317-8,PubMed,10.1016/s2666-5247(23)00317-8
Optimized Dosing and Delivery of Bacteriophage Therapy for Wound Infections,2024,10.1101/2024.05.07.593005,PubMed,10.1101/2024.05.07.593005
Phenotypic plasticity in bacterial elongation among closely related species,2024,10.1101/2024.11.07.622495,PubMed,10.1101/2024.11.07.622495
PHPGAT: predicting phage hosts based on multimodal heterogeneous knowledge graph with graph attention network,2024,10.1093/bib/bbaf017,PubMed,10.1093/bib/bbaf017
"Plasma, brain and spinal cord concentrations of caffeine are reduced in the SOD1(G93A) mouse model of amyotrophic lateral sclerosis following oral administration",2024,10.1016/j.ejpb.2024.114434,PubMed,10.1016/j.ejpb.2024.114434
PmxPred: A data-driven approach for the identification of active polymyxin analogues against gram-negative bacteria,2024,10.1016/j.compbiomed.2023.107681,PubMed,10.1016/j.compbiomed.2023.107681
"PolyI:C Maternal Immune Activation on E9.5 Causes the Deregulation of Microglia and the Complement System in Mice, Leading to Decreased Synaptic Spine Density",2024,10.3390/ijms25105480,PubMed,10.3390/ijms25105480
Predictive identification and design of potent inhibitors targeting resistance-inducing candidate genes from E. coli whole-genome sequences,2024,10.3389/fbinf.2024.1411935,PubMed,10.3389/fbinf.2024.1411935
Projected health and economic effects of a pan-tuberculosis treatment regimen: a modelling study,2024,10.1016/S2214-109X(24)00284-5,PubMed,10.1016/s2214-109x(24)00284-5
"Proposal of pharmacophore model for HIV reverse transcriptase inhibitors: Combined mutational effect analysis, molecular dynamics, molecular docking and pharmacophore modeling study",2024,10.1177/03946320241231465,PubMed,10.1177/03946320241231465
Quaternary ammonium biocides promote conjugative transfer of antibiotic resistance gene in structure- and species-dependent manner,2024,10.1016/j.envint.2024.108812,PubMed,10.1016/j.envint.2024.108812
Recent Advances in Antimicrobial Resistance: Insights from Escherichia coli as a Model Organism,2024,10.3390/microorganisms13010051,PubMed,10.3390/microorganisms13010051
Salmonella Typhimurium alters galactitol metabolism under ciprofloxacin treatment to balance resistance and virulence,2024,10.1128/jb.00178-24,PubMed,10.1128/jb.00178-24
Seasonal malaria chemoprevention and the spread of Plasmodium falciparum quintuple-mutant parasites resistant to sulfadoxine-pyrimethamine: a modelling study,2024,10.1016/S2666-5247(24)00115-0,PubMed,10.1016/s2666-5247(24)00115-0
Spatio-temporal spread of artemisinin resistance in Southeast Asia,2024,10.1371/journal.pcbi.1012017,PubMed,10.1371/journal.pcbi.1012017
Targeting METTL3 as a checkpoint to enhance T cells for tumour immunotherapy,2024,10.1002/ctm2.70089,PubMed,10.1002/ctm2.70089
The Caenorhabditis elegans proteome response to two protective Pseudomonas symbionts,2024,10.1128/mbio.03463-23,PubMed,10.1128/mbio.03463-23
The dynamics of Staphylococcal infection and their treatment with antibiotics and bacteriophage in the Galleria mellonella model system,2024,10.1101/2024.08.23.609294,PubMed,10.1101/2024.08.23.609294
The effects of single and multiple resistance mechanisms on bacterial response to meropenem,2024,10.1016/j.cmi.2024.06.026,PubMed,10.1016/j.cmi.2024.06.026
The microbiome-derived antibacterial lugdunin acts as a cation ionophore in synergy with host peptides,2024,10.1128/mbio.00578-24,PubMed,10.1128/mbio.00578-24
The Scottish Medical Imaging Archive: 57.3 Million Radiology Studies Linked to Their Medical Records,2024,10.1148/ryai.220266,PubMed,10.1148/ryai.220266
The Structure and Function of the Bacterial Osmotically Inducible Protein Y,2024,10.1016/j.jmb.2024.168668,PubMed,10.1016/j.jmb.2024.168668
The Tradeoffs Between Persistence and Mutation Rates at Sub-Inhibitory Antibiotic Concentrations in Staphylococcus aureus,2024,10.1128/spectrum.02479-24 ,PubMed,10.1128/spectrum.02479-24
Transcriptomic and epigenetic landscape of nimorazole-enhanced radiochemotherapy in head and neck cancer,2024,10.1016/j.radonc.2024.110348,PubMed,10.1016/j.radonc.2024.110348
Transient infection of Euprymna scolopes with an engineered D-alanine auxotroph of Vibrio fischeri,2024,10.1128/aem.01298-24,PubMed,10.1128/aem.01298-24
Transmission dynamics of tuberculosis in a high-burden area of China: An 8-year population-based study using whole genome sequencing,2024,10.1016/j.ijid.2024.107210,PubMed,10.1016/j.ijid.2024.107210
TREX1 Inactivation Unleashes Cancer Cell STING-Interferon Signaling and Promotes Antitumor Immunity,2024,10.1158/2159-8290.CD-23-0700,PubMed,10.1158/2159-8290.cd-23-0700
Triggering Toll-Like Receptor 5 Signaling During Pneumococcal Superinfection Prevents the Selection of Antibiotic Resistance,2024,10.1093/infdis/jiae239,PubMed,10.1093/infdis/jiae239
Unlocking the potential of experimental evolution to study drug resistance in pathogenic fungi,2024,10.1038/s44259-024-00064-1,PubMed,10.1038/s44259-024-00064-1
Unpredictability of the Fitness Effects of Antimicrobial Resistance Mutations Across Environments in Escherichia coli,2024,10.1093/molbev/msae086,PubMed,10.1093/molbev/msae086
"Ursolic acid acetate and iso-mukaadial acetate bind to Plasmodium falciparum Hsp90, abrogating its chaperone function in vitro",2024,10.1007/s00210-024-02944-9,PubMed,10.1007/s00210-024-02944-9
Viral and Host Factors Are Associated With Mortality in Hospitalized Patients With COVID-19,2024,10.1093/cid/ciad780,PubMed,10.1093/cid/ciad780
Viral plasticity facilitates host diversity in challenging environments,2024,10.1038/s41467-024-51344-3,PubMed,10.1038/s41467-024-51344-3
Whole genome sequencing identifies novel mutations in malaria parasites resistant to artesunate (ATN) and to ATN + mefloquine combination,2024,10.3389/fcimb.2024.1353057,PubMed,10.3389/fcimb.2024.1353057
Ω-Loop mutations control the dynamics of the active site by modulating a network of hydrogen bonds in PDC-3 β-lactamase,2024,10.1101/2024.02.04.578824,PubMed,10.1101/2024.02.04.578824
A Systematic Review and Meta-Analysis of the Efficacy of Antimicrobial Chemoprophylaxis for Recurrent Acute Otitis Media in Children,2025,10.1111/coa.14240,PubMed,10.1111/coa.14240
Comparative Whole Metagenome Analysis in Lesional and Nonlesional Scalp Areas of Patients with Psoriasis Capitis and Healthy Individuals,2025,10.1016/j.jid.2024.07.020,PubMed,10.1016/j.jid.2024.07.020
Evaluating the health risk of probiotic supplements from the perspective of antimicrobial resistance,2025,10.1128/spectrum.00019-24,PubMed,10.1128/spectrum.00019-24
Replacing rifampicin with minocycline increases the activity of the treatment regimen for Mycobacterium avium complex pulmonary disease in a dynamic hollow-fibre system,2025,10.1016/j.ijantimicag.2024.107423,PubMed,10.1016/j.ijantimicag.2024.107423
Synergistic efficacy of ceftazidime/avibactam and aztreonam against carbapenemase-producing Pseudomonas aeruginosa: insights from the hollow-fiber infection model,2025,10.1080/23744235.2024.2396882,PubMed,10.1080/23744235.2024.2396882
